[[["30028ca0-0b98-416e-9a6a-737a8b2ac7a0",{"pageContent":"Universitas Ciputra mempunyai 2 gedung, gedung pertama adalah gedung lama atau disebut UC main building dengan tinggi 7 lantai, sedangkan gedung kedua biasa disebut UC Tower dengan tinggi 24 lantai. Apple Developer Academy milik UC berada di UC Tower lantai 7.\r\n\r\nDisekitar gedung Universitas Ciputra terdapat 3 apartemen yaitu Denver, Berkeley, dan Cornell.","metadata":{"source":"C:\\Users\\Karyna\\Documents\\Self Projects\\Yucca AI\\yucca-ai\\backend\\kb.txt","loc":{"lines":{"from":1,"to":3}}}}],["ce9483d9-a7eb-48c1-a3ba-609cb7219028",{"pageContent":"UC Ventures\r\nPengertian:\r\nUC Ventures adalah inkubator bisnis berskala besar yang berkantor pusat di Universitas Ciputra Surabaya. Kami bertujuan untuk membantu para pendiri bisnis muda mengembangkan produk mereka, dan meluncurkan bisnis mereka dengan langkah yang cepat namun penuh perhitungan.\r\n\r\nCerita:\r\nDimulai sejak Universitas Ciputra berdiri pada tahun 2006, seluruh universitas dimaksudkan untuk menjadi inkubator bagi para pendiri UKM dan Start-Up. Pusat inkubator internal juga dikembangkan di bawah kepemimpinan Ibu Suryani Halim. Pada tahun 2018, pusat inkubator diserahkan kepada School of Entrepreneurship and Humanities di bawah Bapak David Boy Tonara, Ibu Lenny Gunawan, Ibu Febe Yuanita, dan sekarang Bapak Rizki Candra Kusuma. Pusat inkubator baru berfokus pada percepatan pertumbuhan usaha, khususnya untuk tim kurasi terpilih dari mahasiswa dan alumni.\r\n\r\nVisi:","metadata":{"source":"C:\\Users\\Karyna\\Documents\\Self Projects\\Yucca AI\\yucca-ai\\backend\\knowledge_base\\UC Ventures.txt","loc":{"lines":{"from":1,"to":8}}}}],["ddf9c05c-7c04-4ab4-96ff-b4dd021cdc4a",{"pageContent":"Visi:\r\nMenjadi Inkubator Bisnis Skalabel berbasis Universitas terbaik di Indonesia, menyediakan ekosistem terbaik yang berfokus pada penciptaan dan pemberdayaan wirausahawan kelas dunia dengan kompetensi kewirausahaan yang memberikan nilai dan dampak positif bagi bangsa.\r\n\r\nMisi:\r\n- Menciptakan pelaku usaha berkelas dunia dengan pola pikir kewirausahaan yang unggul berdasarkan 7 Kompetensi Kewirausahaan Universitas Ciputra Surabaya dan Tingkat Kesiapan Usaha.\r\n- Memberdayakan Dampak Sosial Positif berdasarkan 17 Tujuan Pembangunan Sosial.\r\n\r\nMentor:\r\n- M. Thobroni Ali\r\n- Rizky Rahman\r\n- Avianto Tyo\r\n- Awan Triyogo\r\n- Edra B. Susilo\r\n- Zaenal Arifin\r\n\r\nLanskap Industri:\r\n- Teknologi Digital\r\n- Bisnis Kuliner\r\n- Sumber Daya Manusia\r\n- Bisnis Ritel\r\n- Mode & Aksesoris\r\n- Layanan\r\n\r\nPeserta:","metadata":{"source":"C:\\Users\\Karyna\\Documents\\Self Projects\\Yucca AI\\yucca-ai\\backend\\knowledge_base\\UC Ventures.txt","loc":{"lines":{"from":8,"to":31}}}}],["bfb448f1-30a2-41b3-b154-d98c161a3a98",{"pageContent":"- Awan Triyogo\r\n- Edra B. Susilo\r\n- Zaenal Arifin\r\n\r\nLanskap Industri:\r\n- Teknologi Digital\r\n- Bisnis Kuliner\r\n- Sumber Daya Manusia\r\n- Bisnis Ritel\r\n- Mode & Aksesoris\r\n- Layanan\r\n\r\nPeserta:\r\nSegala jenis usaha yang minimal salah satu pendirinya adalah UC Ventures. Bisa mahasiswa, alumni, dosen, atau bahkan staf. Mereka yang ingin bergabung dengan UC Ventures harus melewati proses seleksi yang meliputi namun tidak terbatas pada skalabilitas ide usaha, komposisi tim, dan komitmen tim.\r\n\r\nKeuntungan:\r\nBeberapa keuntungan yang bisa Anda peroleh dengan bergabung di UC Ventures adalah penggunaan ruang kerja bersama gratis ber-AC dan internet berkecepatan tinggi, akses ke seluruh jaringan mentor kami, serta kesempatan untuk mempresentasikan bisnis Anda ke jaringan investor kami.\r\n\r\nLangkah selanjutnya:","metadata":{"source":"C:\\Users\\Karyna\\Documents\\Self Projects\\Yucca AI\\yucca-ai\\backend\\knowledge_base\\UC Ventures.txt","loc":{"lines":{"from":19,"to":37}}}}],["ed970b3c-5840-40b9-aa95-1fa6fe289a3f",{"pageContent":"Langkah selanjutnya:\r\nSetelah lulus dari program inkubasi kami, Anda akan menjadi bagian dari komunitas kami. Anda akan dapat menggunakan semua manfaat yang Anda dapatkan dari program ini, ditambah akses ke jaringan bisnis kami yang berkinerja tinggi. Percayalah, Anda akan belajar banyak dari mereka.\r\n\r\nPendaftaran In-wall member:\r\nCalon peserta In-wall member akan diminta untuk mengisi form yang menyangkut biodata bisnis milik peserta, untuk lebih lengkapnya dapat mengunjungi website UC Ventures melalui link https://ucventures.ciputra.ac.id/ .\r\n\r\nPendaftaran Program Perkuliahan Entrepreneurship:\r\nMahasiswa dapat mendaftar melalui panduan yang disediakan oleh UC Ventures yang dapat diakses dari link berikut https://drive.google.com/file/d/1URxx_rmqBsIJgcpK2-LmR3U-gkIPy9yE/view .\r\n\r\nPengertian Mata Kuliah Entrepreneurship:","metadata":{"source":"C:\\Users\\Karyna\\Documents\\Self Projects\\Yucca AI\\yucca-ai\\backend\\knowledge_base\\UC Ventures.txt","loc":{"lines":{"from":37,"to":46}}}}],["c0795814-582d-4b9f-89f3-897c0ca113dd",{"pageContent":"Pengertian Mata Kuliah Entrepreneurship:\r\nMata kuliah Entrepreneurship di UC Ventures akan berbeda dengan mata kuliah entrepreneurship lain. Mahasiswa akan mendapatkan pembelajaran melalui metode praktik yang lebih banyak dibanding teori, sehingga mahasiswa bisa lebih fokus menjalankan dan mengembangkan bisnis.\r\n\r\nKegiatan:\r\nBeberapa kegiatan praktik yang akan dilalui mahasiswa antara lain:\r\n- Kegiatan luar kelas untuk memvalidasi ide dan produk yang dimiliki,\r\n- Melakukan expo dan pameran di tempat yang sudah disediakan secara berkala dan rutin,\r\n- Melakukan kunjungan ke inkubator lain untuk mencari feedback dan potensi kolaborasi,\r\n- Melakukan pitching dengan pihak eksternal yang terdiri dari Pemiliki Bisnis (Entrepreneurs), Ventures Capital, Accelerator, maupun stakeholder lain,\r\n- dan masih banyak kegiatan lainnya.\r\n\r\nFasilitas:\r\nBeberapa fasilitas yang dapat digunakan oleh para tenant Program Perkuliahan Entrepreneurship di UC Ventures antara lain:","metadata":{"source":"C:\\Users\\Karyna\\Documents\\Self Projects\\Yucca AI\\yucca-ai\\backend\\knowledge_base\\UC Ventures.txt","loc":{"lines":{"from":46,"to":58}}}}],["0f0ed90a-13d5-4d69-a373-8b82ee5df7d7",{"pageContent":"- dan masih banyak kegiatan lainnya.\r\n\r\nFasilitas:\r\nBeberapa fasilitas yang dapat digunakan oleh para tenant Program Perkuliahan Entrepreneurship di UC Ventures antara lain:\r\n- Dedicated workspace di Ruang UC Ventures,\r\n- Akses mentoring dengan pihak eksternal yang berpengalaman,\r\n- Akses pendanaan dari Pihak Eksternal (Angel investor, Venture Capital, dan dana hibah kementrian),\r\n- Akses pendampingan kompetisi berhadiah,\r\n- Mengikuti berbagai macam kegiatan bersama para stakeholder dan komunitas UC Ventures\r\n\r\nSyarat mendaftar:\r\nSyarat untuk mengikuti Mata Kuliah Entrepreneurship ini adalah:\r\n- Mahasiswa aktif semester 5 dan 6 di Universitas Ciputra Surabaya,\r\n- Memiliki bisnis yang lolos kurasi,\r\n- Memiliki tim yang lengkap dan berkomitmen untuk mengembangkan bisnis bersama-sama,\r\n- Memiliki resources atau sumber daya untuk menjalankan bisnisnya.\r\n\r\nMitra:\r\n- Plug And Play\r\n- Pemerintah Kota Surabaya\r\n- JCI Indonesia\r\n- PAU\r\n- Jobhun\r\n- Angel Investor Indonesia\r\n- Conecworld","metadata":{"source":"C:\\Users\\Karyna\\Documents\\Self Projects\\Yucca AI\\yucca-ai\\backend\\knowledge_base\\UC Ventures.txt","loc":{"lines":{"from":55,"to":79}}}}],["45359d72-426a-41d6-af95-464249b242f3",{"pageContent":"- Memiliki resources atau sumber daya untuk menjalankan bisnisnya.\r\n\r\nMitra:\r\n- Plug And Play\r\n- Pemerintah Kota Surabaya\r\n- JCI Indonesia\r\n- PAU\r\n- Jobhun\r\n- Angel Investor Indonesia\r\n- Conecworld\r\n- Gerdhu\r\n- Satu Atap\r\n- Indigo","metadata":{"source":"C:\\Users\\Karyna\\Documents\\Self Projects\\Yucca AI\\yucca-ai\\backend\\knowledge_base\\UC Ventures.txt","loc":{"lines":{"from":70,"to":82}}}}],["49c95d60-eee8-49db-8351-c51bf9dce380",{"pageContent":"UC Apple Developer Academy\r\nTentang Apple Developer Academy:\r\nApple Developer Academy merupakan program pelatihan unggulan yang bertujuan untuk memberikan wawasan, keterampilan, dan pengalaman kepada para pengusaha, desainer, dan pengembang dalam menciptakan aplikasi untuk ekosistem Apple, khususnya iOS. Program ini pertama kali diluncurkan di Brasil pada tahun 2013 dan sejak saat itu berkembang di berbagai negara, termasuk Indonesia.\r\n\r\nDi Surabaya, program ini dijalankan melalui kerja sama antara Apple dan Universitas Ciputra (UC), yang menyediakan fasilitas modern dan dukungan akademik untuk membantu peserta mengembangkan keterampilan mereka.\r\n\r\nPengertian UC Apple Developer Academy:\r\nUC Apple Developer Academy adalah program yang dirancang untuk mencetak pengembang kelas dunia bagi ekosistem Apple. Program ini berlangsung selama 10 bulan dan menggunakan pendekatan Challenge-Based Learning (CBL) untuk membantu peserta mengembangkan keterampilan teknologi, desain, dan bisnis.","metadata":{"source":"C:\\Users\\Karyna\\Documents\\Self Projects\\Yucca AI\\yucca-ai\\backend\\knowledge_base\\UC Apple Developer Academy.txt","loc":{"lines":{"from":1,"to":8}}}}],["5f610b75-8370-41d0-89be-733e95a560c5",{"pageContent":"Program ini dirancang untuk mendorong kreativitas, kolaborasi, dan inovasi, sehingga peserta tidak hanya belajar menjadi pemrogram tetapi juga seorang inovator yang siap terjun ke dunia industri teknologi.\r\n\r\nSejarah Terbentuknya UC Apple Developer Academy:\r\n- Tahun Peluncuran di UC: Akademi ini mulai bekerja sama dengan Universitas Ciputra pada tanggal 7 Agustus 2019 , menjadi salah satu dari sedikit lokasi di Indonesia yang menyelenggarakan program ini.\r\n- Tujuan Utama: Memberikan peluang bagi mahasiswa dan profesional di Surabaya untuk terlibat dalam pengembangan teknologi berbasis Apple.\r\n- Kemitraan dengan Apple: Kerja sama ini memastikan bahwa kurikulum, metode pengajaran, dan fasilitas di UC Apple Developer Academy sesuai dengan standar global Apple.\r\n\r\nProses Masuk di UC Apple Developer Academy:\r\n- Syarat Pendaftaran:\r\n 1. Memiliki usia minimal 18 tahun.\r\n 2. Terbuka untuk berbagai latar belakang pendidikan, baik dari teknologi informasi, desain, maupun bidang lainnya.","metadata":{"source":"C:\\Users\\Karyna\\Documents\\Self Projects\\Yucca AI\\yucca-ai\\backend\\knowledge_base\\UC Apple Developer Academy.txt","loc":{"lines":{"from":10,"to":20}}}}],["343efc5d-ed19-4ba2-a1ce-245676232c44",{"pageContent":"- Syarat Pendaftaran:\r\n 1. Memiliki usia minimal 18 tahun.\r\n 2. Terbuka untuk berbagai latar belakang pendidikan, baik dari teknologi informasi, desain, maupun bidang lainnya.\r\n 3. Memiliki kemampuan dasar menggunakan komputer.\r\n\r\n- Tahapan Seleksi:\r\n 1. Pengisian Formulir Online: Calon peserta harus mendaftar melalui portal resmi UC Apple Developer Academy.\r\n 2. Tes Kemampuan: Meliputi penilaian logika, pemrograman dasar (jika ada), dan wawasan teknologi.\r\n 3. Wawancara: Menggali motivasi dan komitmen peserta dalam mengikuti program.\r\n 4. Pengumuman: Peserta yang lolos seleksi akan diumumkan melalui email atau portal resmi.\r\n\r\n- Waktu Pendaftaran:\r\nPendaftaran untuk Cohort 2026 dibuka pada bulan Maret 2025. Informasi lebih lanjut dapat diperoleh melalui situs web Universitas Ciputra atau media sosial resmi UC Apple Developer Academy.\r\n\r\nPeserta:","metadata":{"source":"C:\\Users\\Karyna\\Documents\\Self Projects\\Yucca AI\\yucca-ai\\backend\\knowledge_base\\UC Apple Developer Academy.txt","loc":{"lines":{"from":18,"to":32}}}}],["ada4ca38-7168-438f-94a6-da20e2d87865",{"pageContent":"Peserta:\r\nProgram terbuka untuk warga negara Indonesia berusia 18 tahun ke atas dari berbagai latar belakang pendidikan. Tidak diperlukan kemampuan coding sebelumnya.\r\n\r\nJumlah penerimaan:\r\nUC Apple Developer Academy menerima 100 peserta pada tiap batchnya.\r\n\r\nKeuntungan Bergabung dengan UC Apple Developer Academy:\r\n1. Pengakuan Internasional:\r\nProgram ini didukung oleh Apple, menjadikannya salah satu pelatihan teknologi yang diakui secara global.\r\n2. Keterampilan Siap Kerja:\r\nPeserta akan menguasai teknologi terbaru dan keterampilan yang relevan di dunia industri.\r\n3. Jaringan Profesional:\r\nKesempatan untuk terhubung dengan mentor, pengembang, dan profesional teknologi dari berbagai latar belakang.\r\n4. Dukungan Fasilitas:\r\nMenggunakan perangkat Apple terbaru, seperti MacBook dan iPhone, selama pelatihan.\r\n5. Portofolio dan Pengalaman Nyata:\r\nSetiap peserta akan menyelesaikan proyek aplikasi yang dapat dipamerkan sebagai portofolio kerja.\r\n6. Peluang Karir:","metadata":{"source":"C:\\Users\\Karyna\\Documents\\Self Projects\\Yucca AI\\yucca-ai\\backend\\knowledge_base\\UC Apple Developer Academy.txt","loc":{"lines":{"from":32,"to":49}}}}],["db09c873-4a50-4ab4-ae6c-17f31a93a79e",{"pageContent":"5. Portofolio dan Pengalaman Nyata:\r\nSetiap peserta akan menyelesaikan proyek aplikasi yang dapat dipamerkan sebagai portofolio kerja.\r\n6. Peluang Karir:\r\nPeserta memiliki kesempatan untuk bekerja di perusahaan teknologi, menjadi entrepreneur, atau mengembangkan startup sendiri.\r\n\r\nOutput Program:\r\n- Pengembangan aplikasi berbasis iOS.\r\n- Portofolio profesional.\r\n- Keterampilan teknologi, desain, dan bisnis yang relevan.\r\n\r\nKurikulum dan Pembelajaran:\r\n- Menggunakan metode Challenge-Based Learning (CBL) untuk melatih peserta dalam:\r\n  1. Teknologi: Pemrograman dengan Swift dan Xcode.\r\n  2. Desain: Penerapan prinsip UI/UX berbasis kebutuhan pengguna.\r\n  3. Bisnis: Penyusunan model bisnis untuk aplikasi.\r\n\r\nLokasi:\r\nUC Apple Developer Academy terletak di lantai 7 UC Tower, Universitas Ciputra Surabaya.\r\n\r\nBiaya:\r\nUC Apple Developer Academy tidak dipungut memungut biaya terkait pendaftaran.\r\n\r\nDurasi:","metadata":{"source":"C:\\Users\\Karyna\\Documents\\Self Projects\\Yucca AI\\yucca-ai\\backend\\knowledge_base\\UC Apple Developer Academy.txt","loc":{"lines":{"from":47,"to":69}}}}],["c9aa11b2-7759-4dd5-a159-4c30a7fdddcb",{"pageContent":"Lokasi:\r\nUC Apple Developer Academy terletak di lantai 7 UC Tower, Universitas Ciputra Surabaya.\r\n\r\nBiaya:\r\nUC Apple Developer Academy tidak dipungut memungut biaya terkait pendaftaran.\r\n\r\nDurasi:\r\nProgram UC Apple Developer Academy berlangsung selama 10 bulan, biasanya akan dimulai pada bulan Februari - Desember. Anda akan beraktivitas selama 20 jam per minggu (4 jam per hari sesuai dengan Waktu yang ditentukan), dari hari Senin hingga Jumat. Akan tersedia 2 shift, yaitu:\r\n 1. Shift pagi (08.00 - 12.00) WIB. Direkomendasikan untuk mahasiswa tahun terakhir, mahasiswa yang baru lulus kuliah, atau professional.\r\n 2. Shift siang (13.30 - 17.30 ) WIB. Direkomendasikan untuk mahasiswa semester 6 atau lebih tinggi. \r\n\r\nFasilitas yang Disediakan:\r\n- MacBook Pro dan iPhone selama program berlangsung.\r\n- Sertifikat Penyelesaian setelah menyelesaikan program.\r\n\r\nApple Foundation Program:\r\nPengertian:","metadata":{"source":"C:\\Users\\Karyna\\Documents\\Self Projects\\Yucca AI\\yucca-ai\\backend\\knowledge_base\\UC Apple Developer Academy.txt","loc":{"lines":{"from":63,"to":79}}}}],["5c353b04-fb7b-44bf-8e68-026595520689",{"pageContent":"Fasilitas yang Disediakan:\r\n- MacBook Pro dan iPhone selama program berlangsung.\r\n- Sertifikat Penyelesaian setelah menyelesaikan program.\r\n\r\nApple Foundation Program:\r\nPengertian:\r\nApple Foundation Program adalah program pelatihan singkat yang dirancang oleh Apple untuk memperkenalkan peserta pada dasar-dasar pengembangan aplikasi dan ekosistem teknologi Apple. Program ini ditujukan bagi individu dengan berbagai latar belakang, baik yang memiliki pengalaman di bidang teknologi maupun yang sama sekali baru mengenal pengembangan aplikasi.\r\n\r\nTujuan Apple Foundation Program:\r\n1. Memberikan Dasar Pengetahuan: Membekali peserta dengan pemahaman awal tentang teknologi Apple, termasuk desain, pemrograman, dan pengembangan aplikasi.\r\n2. Mendorong Kreativitas: Menginspirasi peserta untuk menciptakan ide-ide inovatif dan menjadikannya solusi yang relevan bagi masyarakat.","metadata":{"source":"C:\\Users\\Karyna\\Documents\\Self Projects\\Yucca AI\\yucca-ai\\backend\\knowledge_base\\UC Apple Developer Academy.txt","loc":{"lines":{"from":74,"to":84}}}}],["c4f64e80-b343-41a3-9f0d-56601a9665e2",{"pageContent":"2. Mendorong Kreativitas: Menginspirasi peserta untuk menciptakan ide-ide inovatif dan menjadikannya solusi yang relevan bagi masyarakat.\r\n3. Menumbuhkan Kolaborasi: Mengajarkan pentingnya kerja sama tim lintas disiplin (teknologi, desain, dan bisnis) dalam mengembangkan aplikasi.\r\n4. Mempersiapkan untuk Tahap Selanjutnya: Menjadi langkah awal sebelum mengikuti program yang lebih intensif seperti Apple Developer Academy.\r\n\r\nDurasi:\r\nApple Foundation Program biasanya berlangsung selama 1 bulan, dilaksanakan pada hari Senin hingga Jumat dari jam 08.00 - 12.00 WIB dan dilaksanakan secara offline di UC Apple Developer Academy.\r\n\r\nJumlah penerimaan:\r\nApple Foundation Program hanya menerima 25 peserta pada tiap batchnya. Dalam 1 tahun bisa berlangsung beberapa batch.\r\n\r\nPendaftaran Apple Foundation Program:","metadata":{"source":"C:\\Users\\Karyna\\Documents\\Self Projects\\Yucca AI\\yucca-ai\\backend\\knowledge_base\\UC Apple Developer Academy.txt","loc":{"lines":{"from":84,"to":94}}}}],["5cb31627-ea7d-413b-b930-3d6906636ac8",{"pageContent":"Jumlah penerimaan:\r\nApple Foundation Program hanya menerima 25 peserta pada tiap batchnya. Dalam 1 tahun bisa berlangsung beberapa batch.\r\n\r\nPendaftaran Apple Foundation Program:\r\ninformasi pendaftaran untuk batch selanjutnya masih belum diketahui. Untuk informasi lebih lanjut bisa merujuk ke website UC Apple Developer Academy melalui link https://appledeveloperacademy.uc.ac.id/ .\r\n\r\nKontak:\r\n- Email: appledeveloperacademy@ciputra.ac.id\r\n- Instagram: uc_appledeveloperacademy\r\n- Whatsapp: +62-822-6473-3922","metadata":{"source":"C:\\Users\\Karyna\\Documents\\Self Projects\\Yucca AI\\yucca-ai\\backend\\knowledge_base\\UC Apple Developer Academy.txt","loc":{"lines":{"from":91,"to":100}}}}],["266d750c-b340-4307-a2d7-af8b627b09c4",{"pageContent":"UC Ventures\r\nPengertian:\r\nUC Ventures adalah inkubator bisnis berskala besar yang berkantor pusat di Universitas Ciputra Surabaya. Kami bertujuan untuk membantu para pendiri bisnis muda mengembangkan produk mereka, dan meluncurkan bisnis mereka dengan langkah yang cepat namun penuh perhitungan.\r\n\r\nCerita:\r\nDimulai sejak Universitas Ciputra berdiri pada tahun 2006, seluruh universitas dimaksudkan untuk menjadi inkubator bagi para pendiri UKM dan Start-Up. Pusat inkubator internal juga dikembangkan di bawah kepemimpinan Ibu Suryani Halim. Pada tahun 2018, pusat inkubator diserahkan kepada School of Entrepreneurship and Humanities di bawah Bapak David Boy Tonara, Ibu Lenny Gunawan, Ibu Febe Yuanita, dan sekarang Bapak Rizki Candra Kusuma. Pusat inkubator baru berfokus pada percepatan pertumbuhan usaha, khususnya untuk tim kurasi terpilih dari mahasiswa dan alumni.\r\n\r\nVisi:","metadata":{"source":"C:\\Users\\Karyna\\Documents\\Self Projects\\Yucca AI\\yucca-ai\\backend\\knowledge_base\\UC Ventures.txt","loc":{"lines":{"from":1,"to":8}}}}],["ce0b068f-0e19-429c-b939-1db0ac421d45",{"pageContent":"Visi:\r\nMenjadi Inkubator Bisnis Skalabel berbasis Universitas terbaik di Indonesia, menyediakan ekosistem terbaik yang berfokus pada penciptaan dan pemberdayaan wirausahawan kelas dunia dengan kompetensi kewirausahaan yang memberikan nilai dan dampak positif bagi bangsa.\r\n\r\nMisi:\r\n- Menciptakan pelaku usaha berkelas dunia dengan pola pikir kewirausahaan yang unggul berdasarkan 7 Kompetensi Kewirausahaan Universitas Ciputra Surabaya dan Tingkat Kesiapan Usaha.\r\n- Memberdayakan Dampak Sosial Positif berdasarkan 17 Tujuan Pembangunan Sosial.\r\n\r\nMentor:\r\n- M. Thobroni Ali\r\n- Rizky Rahman\r\n- Avianto Tyo\r\n- Awan Triyogo\r\n- Edra B. Susilo\r\n- Zaenal Arifin\r\n\r\nLanskap Industri:\r\n- Teknologi Digital\r\n- Bisnis Kuliner\r\n- Sumber Daya Manusia\r\n- Bisnis Ritel\r\n- Mode & Aksesoris\r\n- Layanan\r\n\r\nPeserta:","metadata":{"source":"C:\\Users\\Karyna\\Documents\\Self Projects\\Yucca AI\\yucca-ai\\backend\\knowledge_base\\UC Ventures.txt","loc":{"lines":{"from":8,"to":31}}}}],["1e791dd8-6784-45d7-8edc-85ff566101fa",{"pageContent":"- Awan Triyogo\r\n- Edra B. Susilo\r\n- Zaenal Arifin\r\n\r\nLanskap Industri:\r\n- Teknologi Digital\r\n- Bisnis Kuliner\r\n- Sumber Daya Manusia\r\n- Bisnis Ritel\r\n- Mode & Aksesoris\r\n- Layanan\r\n\r\nPeserta:\r\nSegala jenis usaha yang minimal salah satu pendirinya adalah UC Ventures. Bisa mahasiswa, alumni, dosen, atau bahkan staf. Mereka yang ingin bergabung dengan UC Ventures harus melewati proses seleksi yang meliputi namun tidak terbatas pada skalabilitas ide usaha, komposisi tim, dan komitmen tim.\r\n\r\nKeuntungan:\r\nBeberapa keuntungan yang bisa Anda peroleh dengan bergabung di UC Ventures adalah penggunaan ruang kerja bersama gratis ber-AC dan internet berkecepatan tinggi, akses ke seluruh jaringan mentor kami, serta kesempatan untuk mempresentasikan bisnis Anda ke jaringan investor kami.\r\n\r\nLangkah selanjutnya:","metadata":{"source":"C:\\Users\\Karyna\\Documents\\Self Projects\\Yucca AI\\yucca-ai\\backend\\knowledge_base\\UC Ventures.txt","loc":{"lines":{"from":19,"to":37}}}}],["448ca920-5438-4d2d-9b66-6465b9998709",{"pageContent":"Langkah selanjutnya:\r\nSetelah lulus dari program inkubasi kami, Anda akan menjadi bagian dari komunitas kami. Anda akan dapat menggunakan semua manfaat yang Anda dapatkan dari program ini, ditambah akses ke jaringan bisnis kami yang berkinerja tinggi. Percayalah, Anda akan belajar banyak dari mereka.\r\n\r\nPendaftaran In-wall member:\r\nCalon peserta In-wall member akan diminta untuk mengisi form yang menyangkut biodata bisnis milik peserta, untuk lebih lengkapnya dapat mengunjungi website UC Ventures melalui link https://ucventures.ciputra.ac.id/ .\r\n\r\nPendaftaran Program Perkuliahan Entrepreneurship:\r\nMahasiswa dapat mendaftar melalui panduan yang disediakan oleh UC Ventures yang dapat diakses dari link berikut https://drive.google.com/file/d/1URxx_rmqBsIJgcpK2-LmR3U-gkIPy9yE/view .\r\n\r\nPengertian Mata Kuliah Entrepreneurship:","metadata":{"source":"C:\\Users\\Karyna\\Documents\\Self Projects\\Yucca AI\\yucca-ai\\backend\\knowledge_base\\UC Ventures.txt","loc":{"lines":{"from":37,"to":46}}}}],["0a87d0cd-778b-4d7f-a7f8-a472daf68d29",{"pageContent":"Pengertian Mata Kuliah Entrepreneurship:\r\nMata kuliah Entrepreneurship di UC Ventures akan berbeda dengan mata kuliah entrepreneurship lain. Mahasiswa akan mendapatkan pembelajaran melalui metode praktik yang lebih banyak dibanding teori, sehingga mahasiswa bisa lebih fokus menjalankan dan mengembangkan bisnis.\r\n\r\nKegiatan:\r\nBeberapa kegiatan praktik yang akan dilalui mahasiswa antara lain:\r\n- Kegiatan luar kelas untuk memvalidasi ide dan produk yang dimiliki,\r\n- Melakukan expo dan pameran di tempat yang sudah disediakan secara berkala dan rutin,\r\n- Melakukan kunjungan ke inkubator lain untuk mencari feedback dan potensi kolaborasi,\r\n- Melakukan pitching dengan pihak eksternal yang terdiri dari Pemiliki Bisnis (Entrepreneurs), Ventures Capital, Accelerator, maupun stakeholder lain,\r\n- dan masih banyak kegiatan lainnya.\r\n\r\nFasilitas:\r\nBeberapa fasilitas yang dapat digunakan oleh para tenant Program Perkuliahan Entrepreneurship di UC Ventures antara lain:","metadata":{"source":"C:\\Users\\Karyna\\Documents\\Self Projects\\Yucca AI\\yucca-ai\\backend\\knowledge_base\\UC Ventures.txt","loc":{"lines":{"from":46,"to":58}}}}],["a627880c-d185-4351-8e9d-32457db788e2",{"pageContent":"- dan masih banyak kegiatan lainnya.\r\n\r\nFasilitas:\r\nBeberapa fasilitas yang dapat digunakan oleh para tenant Program Perkuliahan Entrepreneurship di UC Ventures antara lain:\r\n- Dedicated workspace di Ruang UC Ventures,\r\n- Akses mentoring dengan pihak eksternal yang berpengalaman,\r\n- Akses pendanaan dari Pihak Eksternal (Angel investor, Venture Capital, dan dana hibah kementrian),\r\n- Akses pendampingan kompetisi berhadiah,\r\n- Mengikuti berbagai macam kegiatan bersama para stakeholder dan komunitas UC Ventures\r\n\r\nSyarat mendaftar:\r\nSyarat untuk mengikuti Mata Kuliah Entrepreneurship ini adalah:\r\n- Mahasiswa aktif semester 5 dan 6 di Universitas Ciputra Surabaya,\r\n- Memiliki bisnis yang lolos kurasi,\r\n- Memiliki tim yang lengkap dan berkomitmen untuk mengembangkan bisnis bersama-sama,\r\n- Memiliki resources atau sumber daya untuk menjalankan bisnisnya.\r\n\r\nMitra:\r\n- Plug And Play\r\n- Pemerintah Kota Surabaya\r\n- JCI Indonesia\r\n- PAU\r\n- Jobhun\r\n- Angel Investor Indonesia\r\n- Conecworld","metadata":{"source":"C:\\Users\\Karyna\\Documents\\Self Projects\\Yucca AI\\yucca-ai\\backend\\knowledge_base\\UC Ventures.txt","loc":{"lines":{"from":55,"to":79}}}}],["9c801dd1-cbe8-4ae8-9cd9-947d727411f7",{"pageContent":"- Memiliki resources atau sumber daya untuk menjalankan bisnisnya.\r\n\r\nMitra:\r\n- Plug And Play\r\n- Pemerintah Kota Surabaya\r\n- JCI Indonesia\r\n- PAU\r\n- Jobhun\r\n- Angel Investor Indonesia\r\n- Conecworld\r\n- Gerdhu\r\n- Satu Atap\r\n- Indigo","metadata":{"source":"C:\\Users\\Karyna\\Documents\\Self Projects\\Yucca AI\\yucca-ai\\backend\\knowledge_base\\UC Ventures.txt","loc":{"lines":{"from":70,"to":82}}}}],["2276a6b9-2dd7-456d-8431-69794de8d74b",{"pageContent":"Karyna is karyna","metadata":{"source":"C:\\Users\\Karyna\\Documents\\Self Projects\\Yucca AI\\yucca-ai\\backend\\knowledge_base\\Random.txt","loc":{"lines":{"from":1,"to":1}}}}]],{"0":"30028ca0-0b98-416e-9a6a-737a8b2ac7a0","1":"ce9483d9-a7eb-48c1-a3ba-609cb7219028","2":"ddf9c05c-7c04-4ab4-96ff-b4dd021cdc4a","3":"bfb448f1-30a2-41b3-b154-d98c161a3a98","4":"ed970b3c-5840-40b9-aa95-1fa6fe289a3f","5":"c0795814-582d-4b9f-89f3-897c0ca113dd","6":"0f0ed90a-13d5-4d69-a373-8b82ee5df7d7","7":"45359d72-426a-41d6-af95-464249b242f3","8":"49c95d60-eee8-49db-8351-c51bf9dce380","9":"5f610b75-8370-41d0-89be-733e95a560c5","10":"343efc5d-ed19-4ba2-a1ce-245676232c44","11":"ada4ca38-7168-438f-94a6-da20e2d87865","12":"db09c873-4a50-4ab4-ae6c-17f31a93a79e","13":"c9aa11b2-7759-4dd5-a159-4c30a7fdddcb","14":"5c353b04-fb7b-44bf-8e68-026595520689","15":"c4f64e80-b343-41a3-9f0d-56601a9665e2","16":"5cb31627-ea7d-413b-b930-3d6906636ac8","17":"266d750c-b340-4307-a2d7-af8b627b09c4","18":"ce0b068f-0e19-429c-b939-1db0ac421d45","19":"1e791dd8-6784-45d7-8edc-85ff566101fa","20":"448ca920-5438-4d2d-9b66-6465b9998709","21":"0a87d0cd-778b-4d7f-a7f8-a472daf68d29","22":"a627880c-d185-4351-8e9d-32457db788e2","23":"9c801dd1-cbe8-4ae8-9cd9-947d727411f7","24":"2276a6b9-2dd7-456d-8431-69794de8d74b"}]